runtime,solution cost,solver name,instance name
0.004,206,WDG+R+C+T+BP with AStar,instances/empty-16-16/empty-16-16-random-20-agents-1.scen
0.003,264,WDG+R+C+T+BP with AStar,instances/empty-16-16/empty-16-16-random-20-agents-2.scen
0.002,204,WDG+R+C+T+BP with AStar,instances/empty-16-16/empty-16-16-random-20-agents-3.scen
0.003,244,WDG+R+C+T+BP with AStar,instances/empty-16-16/empty-16-16-random-20-agents-4.scen
0.001,226,WDG+R+C+T+BP with AStar,instances/empty-16-16/empty-16-16-random-20-agents-5.scen
0.001,261,WDG+R+C+T+BP with AStar,instances/empty-16-16/empty-16-16-random-20-agents-6.scen
0.001,203,WDG+R+C+T+BP with AStar,instances/empty-16-16/empty-16-16-random-20-agents-7.scen
0.002,194,WDG+R+C+T+BP with AStar,instances/empty-16-16/empty-16-16-random-20-agents-8.scen
0.002,198,WDG+R+C+T+BP with AStar,instances/empty-16-16/empty-16-16-random-20-agents-9.scen
0.002,223,WDG+R+C+T+BP with AStar,instances/empty-16-16/empty-16-16-random-20-agents-10.scen
0.002,219,WDG+R+C+T+BP with AStar,instances/empty-16-16/empty-16-16-random-20-agents-11.scen
0.006,242,WDG+R+C+T+BP with AStar,instances/empty-16-16/empty-16-16-random-20-agents-12.scen
0.002,254,WDG+R+C+T+BP with AStar,instances/empty-16-16/empty-16-16-random-20-agents-13.scen
0.003,209,WDG+R+C+T+BP with AStar,instances/empty-16-16/empty-16-16-random-20-agents-14.scen
0.002,234,WDG+R+C+T+BP with AStar,instances/empty-16-16/empty-16-16-random-20-agents-15.scen
0.001,250,WDG+R+C+T+BP with AStar,instances/empty-16-16/empty-16-16-random-20-agents-16.scen
0.002,262,WDG+R+C+T+BP with AStar,instances/empty-16-16/empty-16-16-random-20-agents-17.scen
0.004,251,WDG+R+C+T+BP with AStar,instances/empty-16-16/empty-16-16-random-20-agents-19.scen
0.004,249,WDG+R+C+T+BP with AStar,instances/empty-16-16/empty-16-16-random-20-agents-20.scen
0.001,242,WDG+R+C+T+BP with AStar,instances/empty-16-16/empty-16-16-random-20-agents-21.scen
0.001,222,WDG+R+C+T+BP with AStar,instances/empty-16-16/empty-16-16-random-20-agents-22.scen
0.003,213,WDG+R+C+T+BP with AStar,instances/empty-16-16/empty-16-16-random-20-agents-23.scen
0.002,216,WDG+R+C+T+BP with AStar,instances/empty-16-16/empty-16-16-random-20-agents-24.scen
0.004,234,WDG+R+C+T+BP with AStar,instances/empty-16-16/empty-16-16-random-20-agents-25.scen
0.003,229,WDG+R+C+T+BP with AStar,instances/empty-16-16/empty-16-16-random-20-agents-26.scen
0.002,217,WDG+R+C+T+BP with AStar,instances/empty-16-16/empty-16-16-random-20-agents-27.scen
0.002,239,WDG+R+C+T+BP with AStar,instances/empty-16-16/empty-16-16-random-20-agents-28.scen
0.001,216,WDG+R+C+T+BP with AStar,instances/empty-16-16/empty-16-16-random-20-agents-29.scen
0.002,242,WDG+R+C+T+BP with AStar,instances/empty-16-16/empty-16-16-random-20-agents-30.scen
0.001,200,WDG+R+C+T+BP with AStar,instances/empty-16-16/empty-16-16-random-20-agents-31.scen
0.001,227,WDG+R+C+T+BP with AStar,instances/empty-16-16/empty-16-16-random-20-agents-32.scen
0.002,225,WDG+R+C+T+BP with AStar,instances/empty-16-16/empty-16-16-random-20-agents-33.scen
0.001,231,WDG+R+C+T+BP with AStar,instances/empty-16-16/empty-16-16-random-20-agents-34.scen
0.001,226,WDG+R+C+T+BP with AStar,instances/empty-16-16/empty-16-16-random-20-agents-35.scen
0.005,249,WDG+R+C+T+BP with AStar,instances/empty-16-16/empty-16-16-random-20-agents-36.scen
0.001,226,WDG+R+C+T+BP with AStar,instances/empty-16-16/empty-16-16-random-20-agents-37.scen
0.003,245,WDG+R+C+T+BP with AStar,instances/empty-16-16/empty-16-16-random-20-agents-38.scen
0.009,230,WDG+R+C+T+BP with AStar,instances/empty-16-16/empty-16-16-random-20-agents-39.scen
0.001,257,WDG+R+C+T+BP with AStar,instances/empty-16-16/empty-16-16-random-20-agents-40.scen
0.009,220,WDG+R+C+T+BP with AStar,instances/empty-16-16/empty-16-16-random-20-agents-41.scen
0.007,235,WDG+R+C+T+BP with AStar,instances/empty-16-16/empty-16-16-random-20-agents-42.scen
0.003,249,WDG+R+C+T+BP with AStar,instances/empty-16-16/empty-16-16-random-20-agents-43.scen
0.002,221,WDG+R+C+T+BP with AStar,instances/empty-16-16/empty-16-16-random-20-agents-44.scen
0.003,246,WDG+R+C+T+BP with AStar,instances/empty-16-16/empty-16-16-random-20-agents-45.scen
0.002,221,WDG+R+C+T+BP with AStar,instances/empty-16-16/empty-16-16-random-20-agents-46.scen
0.002,206,WDG+R+C+T+BP with AStar,instances/empty-16-16/empty-16-16-random-20-agents-47.scen
0.001,213,WDG+R+C+T+BP with AStar,instances/empty-16-16/empty-16-16-random-20-agents-48.scen
0.002,212,WDG+R+C+T+BP with AStar,instances/empty-16-16/empty-16-16-random-20-agents-49.scen
0.002,223,WDG+R+C+T+BP with AStar,instances/empty-16-16/empty-16-16-random-20-agents-50.scen
0.002,183,WDG+R+C+T+BP with AStar,instances/empty-16-16/empty-16-16-random-20-agents-51.scen
0.002,232,WDG+R+C+T+BP with AStar,instances/empty-16-16/empty-16-16-random-20-agents-52.scen
0.012,234,WDG+R+C+T+BP with AStar,instances/empty-16-16/empty-16-16-random-20-agents-53.scen
0.003,252,WDG+R+C+T+BP with AStar,instances/empty-16-16/empty-16-16-random-20-agents-54.scen
0.003,225,WDG+R+C+T+BP with AStar,instances/empty-16-16/empty-16-16-random-20-agents-55.scen
0.003,208,WDG+R+C+T+BP with AStar,instances/empty-16-16/empty-16-16-random-20-agents-56.scen
0.002,230,WDG+R+C+T+BP with AStar,instances/empty-16-16/empty-16-16-random-20-agents-57.scen
0.002,230,WDG+R+C+T+BP with AStar,instances/empty-16-16/empty-16-16-random-20-agents-58.scen
0.002,220,WDG+R+C+T+BP with AStar,instances/empty-16-16/empty-16-16-random-20-agents-59.scen
0.002,224,WDG+R+C+T+BP with AStar,instances/empty-16-16/empty-16-16-random-20-agents-60.scen
0.003,226,WDG+R+C+T+BP with AStar,instances/empty-16-16/empty-16-16-random-20-agents-61.scen
0.002,212,WDG+R+C+T+BP with AStar,instances/empty-16-16/empty-16-16-random-20-agents-62.scen
0.002,209,WDG+R+C+T+BP with AStar,instances/empty-16-16/empty-16-16-random-20-agents-63.scen
0.003,244,WDG+R+C+T+BP with AStar,instances/empty-16-16/empty-16-16-random-20-agents-64.scen
0.003,242,WDG+R+C+T+BP with AStar,instances/empty-16-16/empty-16-16-random-20-agents-65.scen
0.002,217,WDG+R+C+T+BP with AStar,instances/empty-16-16/empty-16-16-random-20-agents-66.scen
0.002,256,WDG+R+C+T+BP with AStar,instances/empty-16-16/empty-16-16-random-20-agents-67.scen
0,216,WDG+R+C+T+BP with AStar,instances/empty-16-16/empty-16-16-random-20-agents-68.scen
0.001,244,WDG+R+C+T+BP with AStar,instances/empty-16-16/empty-16-16-random-20-agents-69.scen
0.006,263,WDG+R+C+T+BP with AStar,instances/empty-16-16/empty-16-16-random-20-agents-70.scen
0.001,224,WDG+R+C+T+BP with AStar,instances/empty-16-16/empty-16-16-random-20-agents-71.scen
0.002,228,WDG+R+C+T+BP with AStar,instances/empty-16-16/empty-16-16-random-20-agents-72.scen
0.004,224,WDG+R+C+T+BP with AStar,instances/empty-16-16/empty-16-16-random-20-agents-73.scen
0.003,234,WDG+R+C+T+BP with AStar,instances/empty-16-16/empty-16-16-random-20-agents-74.scen
0.001,239,WDG+R+C+T+BP with AStar,instances/empty-16-16/empty-16-16-random-20-agents-75.scen
0.002,222,WDG+R+C+T+BP with AStar,instances/empty-16-16/empty-16-16-random-20-agents-76.scen
0.002,221,WDG+R+C+T+BP with AStar,instances/empty-16-16/empty-16-16-random-20-agents-77.scen
0.002,218,WDG+R+C+T+BP with AStar,instances/empty-16-16/empty-16-16-random-20-agents-78.scen
0.002,253,WDG+R+C+T+BP with AStar,instances/empty-16-16/empty-16-16-random-20-agents-79.scen
0.002,258,WDG+R+C+T+BP with AStar,instances/empty-16-16/empty-16-16-random-20-agents-80.scen
0.002,238,WDG+R+C+T+BP with AStar,instances/empty-16-16/empty-16-16-random-20-agents-81.scen
0.001,247,WDG+R+C+T+BP with AStar,instances/empty-16-16/empty-16-16-random-20-agents-82.scen
0.003,280,WDG+R+C+T+BP with AStar,instances/empty-16-16/empty-16-16-random-20-agents-83.scen
0.001,209,WDG+R+C+T+BP with AStar,instances/empty-16-16/empty-16-16-random-20-agents-84.scen
0.003,244,WDG+R+C+T+BP with AStar,instances/empty-16-16/empty-16-16-random-20-agents-85.scen
0.002,220,WDG+R+C+T+BP with AStar,instances/empty-16-16/empty-16-16-random-20-agents-86.scen
0.003,252,WDG+R+C+T+BP with AStar,instances/empty-16-16/empty-16-16-random-20-agents-87.scen
0.002,239,WDG+R+C+T+BP with AStar,instances/empty-16-16/empty-16-16-random-20-agents-88.scen
0.002,228,WDG+R+C+T+BP with AStar,instances/empty-16-16/empty-16-16-random-20-agents-89.scen
0.007,258,WDG+R+C+T+BP with AStar,instances/empty-16-16/empty-16-16-random-20-agents-90.scen
0.002,224,WDG+R+C+T+BP with AStar,instances/empty-16-16/empty-16-16-random-20-agents-91.scen
0.002,243,WDG+R+C+T+BP with AStar,instances/empty-16-16/empty-16-16-random-20-agents-92.scen
0.002,226,WDG+R+C+T+BP with AStar,instances/empty-16-16/empty-16-16-random-20-agents-93.scen
0.002,280,WDG+R+C+T+BP with AStar,instances/empty-16-16/empty-16-16-random-20-agents-94.scen
0.001,246,WDG+R+C+T+BP with AStar,instances/empty-16-16/empty-16-16-random-20-agents-95.scen
0.001,207,WDG+R+C+T+BP with AStar,instances/empty-16-16/empty-16-16-random-20-agents-96.scen
0.004,237,WDG+R+C+T+BP with AStar,instances/empty-16-16/empty-16-16-random-20-agents-97.scen
0.004,244,WDG+R+C+T+BP with AStar,instances/empty-16-16/empty-16-16-random-20-agents-98.scen
0.007,228,WDG+R+C+T+BP with AStar,instances/empty-16-16/empty-16-16-random-20-agents-99.scen
0.003,214,WDG+R+C+T+BP with AStar,instances/empty-16-16/empty-16-16-random-20-agents-100.scen
0.008,411,WDG+R+C+T+BP with AStar,instances/empty-16-16/empty-16-16-random-40-agents-1.scen
0.007,493,WDG+R+C+T+BP with AStar,instances/empty-16-16/empty-16-16-random-40-agents-2.scen
0.009,480,WDG+R+C+T+BP with AStar,instances/empty-16-16/empty-16-16-random-40-agents-3.scen
0.006,478,WDG+R+C+T+BP with AStar,instances/empty-16-16/empty-16-16-random-40-agents-4.scen
0.007,514,WDG+R+C+T+BP with AStar,instances/empty-16-16/empty-16-16-random-40-agents-5.scen
0.011,486,WDG+R+C+T+BP with AStar,instances/empty-16-16/empty-16-16-random-40-agents-6.scen
0.007,432,WDG+R+C+T+BP with AStar,instances/empty-16-16/empty-16-16-random-40-agents-7.scen
0.007,441,WDG+R+C+T+BP with AStar,instances/empty-16-16/empty-16-16-random-40-agents-8.scen
0.009,460,WDG+R+C+T+BP with AStar,instances/empty-16-16/empty-16-16-random-40-agents-9.scen
0.011,483,WDG+R+C+T+BP with AStar,instances/empty-16-16/empty-16-16-random-40-agents-10.scen
0.014,504,WDG+R+C+T+BP with AStar,instances/empty-16-16/empty-16-16-random-40-agents-12.scen
0.009,476,WDG+R+C+T+BP with AStar,instances/empty-16-16/empty-16-16-random-40-agents-13.scen
0.017,450,WDG+R+C+T+BP with AStar,instances/empty-16-16/empty-16-16-random-40-agents-14.scen
0.013,490,WDG+R+C+T+BP with AStar,instances/empty-16-16/empty-16-16-random-40-agents-15.scen
0.007,486,WDG+R+C+T+BP with AStar,instances/empty-16-16/empty-16-16-random-40-agents-16.scen
0.009,499,WDG+R+C+T+BP with AStar,instances/empty-16-16/empty-16-16-random-40-agents-17.scen
0.017,429,WDG+R+C+T+BP with AStar,instances/empty-16-16/empty-16-16-random-40-agents-18.scen
0.017,516,WDG+R+C+T+BP with AStar,instances/empty-16-16/empty-16-16-random-40-agents-19.scen
0.011,486,WDG+R+C+T+BP with AStar,instances/empty-16-16/empty-16-16-random-40-agents-20.scen
0.012,483,WDG+R+C+T+BP with AStar,instances/empty-16-16/empty-16-16-random-40-agents-21.scen
0.011,469,WDG+R+C+T+BP with AStar,instances/empty-16-16/empty-16-16-random-40-agents-22.scen
0.008,438,WDG+R+C+T+BP with AStar,instances/empty-16-16/empty-16-16-random-40-agents-23.scen
0.018,502,WDG+R+C+T+BP with AStar,instances/empty-16-16/empty-16-16-random-40-agents-24.scen
0.011,466,WDG+R+C+T+BP with AStar,instances/empty-16-16/empty-16-16-random-40-agents-25.scen
0.01,454,WDG+R+C+T+BP with AStar,instances/empty-16-16/empty-16-16-random-40-agents-26.scen
0.009,448,WDG+R+C+T+BP with AStar,instances/empty-16-16/empty-16-16-random-40-agents-27.scen
0.01,432,WDG+R+C+T+BP with AStar,instances/empty-16-16/empty-16-16-random-40-agents-28.scen
0.005,441,WDG+R+C+T+BP with AStar,instances/empty-16-16/empty-16-16-random-40-agents-29.scen
0.006,478,WDG+R+C+T+BP with AStar,instances/empty-16-16/empty-16-16-random-40-agents-30.scen
0.006,439,WDG+R+C+T+BP with AStar,instances/empty-16-16/empty-16-16-random-40-agents-31.scen
0.01,468,WDG+R+C+T+BP with AStar,instances/empty-16-16/empty-16-16-random-40-agents-32.scen
0.008,503,WDG+R+C+T+BP with AStar,instances/empty-16-16/empty-16-16-random-40-agents-33.scen
0.006,446,WDG+R+C+T+BP with AStar,instances/empty-16-16/empty-16-16-random-40-agents-34.scen
0.01,491,WDG+R+C+T+BP with AStar,instances/empty-16-16/empty-16-16-random-40-agents-35.scen
0.014,470,WDG+R+C+T+BP with AStar,instances/empty-16-16/empty-16-16-random-40-agents-36.scen
0.005,449,WDG+R+C+T+BP with AStar,instances/empty-16-16/empty-16-16-random-40-agents-37.scen
0.009,527,WDG+R+C+T+BP with AStar,instances/empty-16-16/empty-16-16-random-40-agents-38.scen
0.016,480,WDG+R+C+T+BP with AStar,instances/empty-16-16/empty-16-16-random-40-agents-39.scen
0.012,535,WDG+R+C+T+BP with AStar,instances/empty-16-16/empty-16-16-random-40-agents-40.scen
0.015,458,WDG+R+C+T+BP with AStar,instances/empty-16-16/empty-16-16-random-40-agents-41.scen
0.025,506,WDG+R+C+T+BP with AStar,instances/empty-16-16/empty-16-16-random-40-agents-42.scen
0.007,473,WDG+R+C+T+BP with AStar,instances/empty-16-16/empty-16-16-random-40-agents-43.scen
0.006,500,WDG+R+C+T+BP with AStar,instances/empty-16-16/empty-16-16-random-40-agents-44.scen
0.011,457,WDG+R+C+T+BP with AStar,instances/empty-16-16/empty-16-16-random-40-agents-45.scen
0.008,476,WDG+R+C+T+BP with AStar,instances/empty-16-16/empty-16-16-random-40-agents-46.scen
0.014,458,WDG+R+C+T+BP with AStar,instances/empty-16-16/empty-16-16-random-40-agents-47.scen
0.013,476,WDG+R+C+T+BP with AStar,instances/empty-16-16/empty-16-16-random-40-agents-48.scen
0.01,470,WDG+R+C+T+BP with AStar,instances/empty-16-16/empty-16-16-random-40-agents-49.scen
0.009,461,WDG+R+C+T+BP with AStar,instances/empty-16-16/empty-16-16-random-40-agents-50.scen
0.01,443,WDG+R+C+T+BP with AStar,instances/empty-16-16/empty-16-16-random-40-agents-51.scen
0.01,482,WDG+R+C+T+BP with AStar,instances/empty-16-16/empty-16-16-random-40-agents-52.scen
0.012,492,WDG+R+C+T+BP with AStar,instances/empty-16-16/empty-16-16-random-40-agents-53.scen
0.009,498,WDG+R+C+T+BP with AStar,instances/empty-16-16/empty-16-16-random-40-agents-54.scen
0.012,468,WDG+R+C+T+BP with AStar,instances/empty-16-16/empty-16-16-random-40-agents-55.scen
0.009,438,WDG+R+C+T+BP with AStar,instances/empty-16-16/empty-16-16-random-40-agents-56.scen
0.005,446,WDG+R+C+T+BP with AStar,instances/empty-16-16/empty-16-16-random-40-agents-57.scen
0.011,486,WDG+R+C+T+BP with AStar,instances/empty-16-16/empty-16-16-random-40-agents-58.scen
0.01,434,WDG+R+C+T+BP with AStar,instances/empty-16-16/empty-16-16-random-40-agents-59.scen
0.014,467,WDG+R+C+T+BP with AStar,instances/empty-16-16/empty-16-16-random-40-agents-60.scen
0.01,475,WDG+R+C+T+BP with AStar,instances/empty-16-16/empty-16-16-random-40-agents-62.scen
0.013,450,WDG+R+C+T+BP with AStar,instances/empty-16-16/empty-16-16-random-40-agents-63.scen
0.014,455,WDG+R+C+T+BP with AStar,instances/empty-16-16/empty-16-16-random-40-agents-64.scen
0.01,475,WDG+R+C+T+BP with AStar,instances/empty-16-16/empty-16-16-random-40-agents-65.scen
0.012,420,WDG+R+C+T+BP with AStar,instances/empty-16-16/empty-16-16-random-40-agents-66.scen
0.01,500,WDG+R+C+T+BP with AStar,instances/empty-16-16/empty-16-16-random-40-agents-67.scen
0.008,483,WDG+R+C+T+BP with AStar,instances/empty-16-16/empty-16-16-random-40-agents-68.scen
0.009,483,WDG+R+C+T+BP with AStar,instances/empty-16-16/empty-16-16-random-40-agents-69.scen
0.01,508,WDG+R+C+T+BP with AStar,instances/empty-16-16/empty-16-16-random-40-agents-70.scen
0.008,436,WDG+R+C+T+BP with AStar,instances/empty-16-16/empty-16-16-random-40-agents-71.scen
0.016,439,WDG+R+C+T+BP with AStar,instances/empty-16-16/empty-16-16-random-40-agents-72.scen
0.01,457,WDG+R+C+T+BP with AStar,instances/empty-16-16/empty-16-16-random-40-agents-73.scen
0.01,477,WDG+R+C+T+BP with AStar,instances/empty-16-16/empty-16-16-random-40-agents-74.scen
0.012,488,WDG+R+C+T+BP with AStar,instances/empty-16-16/empty-16-16-random-40-agents-75.scen
0.009,452,WDG+R+C+T+BP with AStar,instances/empty-16-16/empty-16-16-random-40-agents-76.scen
0.016,444,WDG+R+C+T+BP with AStar,instances/empty-16-16/empty-16-16-random-40-agents-77.scen
0.009,451,WDG+R+C+T+BP with AStar,instances/empty-16-16/empty-16-16-random-40-agents-78.scen
0.013,501,WDG+R+C+T+BP with AStar,instances/empty-16-16/empty-16-16-random-40-agents-79.scen
0.009,528,WDG+R+C+T+BP with AStar,instances/empty-16-16/empty-16-16-random-40-agents-80.scen
0.011,477,WDG+R+C+T+BP with AStar,instances/empty-16-16/empty-16-16-random-40-agents-81.scen
0.008,465,WDG+R+C+T+BP with AStar,instances/empty-16-16/empty-16-16-random-40-agents-82.scen
0.015,537,WDG+R+C+T+BP with AStar,instances/empty-16-16/empty-16-16-random-40-agents-83.scen
0.017,471,WDG+R+C+T+BP with AStar,instances/empty-16-16/empty-16-16-random-40-agents-84.scen
0.014,544,WDG+R+C+T+BP with AStar,instances/empty-16-16/empty-16-16-random-40-agents-85.scen
0.009,477,WDG+R+C+T+BP with AStar,instances/empty-16-16/empty-16-16-random-40-agents-86.scen
0.009,468,WDG+R+C+T+BP with AStar,instances/empty-16-16/empty-16-16-random-40-agents-87.scen
0.013,506,WDG+R+C+T+BP with AStar,instances/empty-16-16/empty-16-16-random-40-agents-88.scen
0.011,463,WDG+R+C+T+BP with AStar,instances/empty-16-16/empty-16-16-random-40-agents-89.scen
0.012,475,WDG+R+C+T+BP with AStar,instances/empty-16-16/empty-16-16-random-40-agents-90.scen
0.007,453,WDG+R+C+T+BP with AStar,instances/empty-16-16/empty-16-16-random-40-agents-91.scen
0.018,495,WDG+R+C+T+BP with AStar,instances/empty-16-16/empty-16-16-random-40-agents-92.scen
0.006,471,WDG+R+C+T+BP with AStar,instances/empty-16-16/empty-16-16-random-40-agents-93.scen
0.009,539,WDG+R+C+T+BP with AStar,instances/empty-16-16/empty-16-16-random-40-agents-94.scen
0.011,495,WDG+R+C+T+BP with AStar,instances/empty-16-16/empty-16-16-random-40-agents-95.scen
0.005,427,WDG+R+C+T+BP with AStar,instances/empty-16-16/empty-16-16-random-40-agents-96.scen
0.012,496,WDG+R+C+T+BP with AStar,instances/empty-16-16/empty-16-16-random-40-agents-97.scen
0.013,521,WDG+R+C+T+BP with AStar,instances/empty-16-16/empty-16-16-random-40-agents-98.scen
0.008,464,WDG+R+C+T+BP with AStar,instances/empty-16-16/empty-16-16-random-40-agents-99.scen
0.011,480,WDG+R+C+T+BP with AStar,instances/empty-16-16/empty-16-16-random-40-agents-100.scen
0.019,699,WDG+R+C+T+BP with AStar,instances/empty-16-16/empty-16-16-random-60-agents-1.scen
0.021,732,WDG+R+C+T+BP with AStar,instances/empty-16-16/empty-16-16-random-60-agents-2.scen
0.034,750,WDG+R+C+T+BP with AStar,instances/empty-16-16/empty-16-16-random-60-agents-3.scen
0.03,774,WDG+R+C+T+BP with AStar,instances/empty-16-16/empty-16-16-random-60-agents-4.scen
0.021,781,WDG+R+C+T+BP with AStar,instances/empty-16-16/empty-16-16-random-60-agents-5.scen
0.032,794,WDG+R+C+T+BP with AStar,instances/empty-16-16/empty-16-16-random-60-agents-6.scen
0.026,708,WDG+R+C+T+BP with AStar,instances/empty-16-16/empty-16-16-random-60-agents-7.scen
0.04,742,WDG+R+C+T+BP with AStar,instances/empty-16-16/empty-16-16-random-60-agents-8.scen
0.025,722,WDG+R+C+T+BP with AStar,instances/empty-16-16/empty-16-16-random-60-agents-9.scen
0.033,755,WDG+R+C+T+BP with AStar,instances/empty-16-16/empty-16-16-random-60-agents-10.scen
0.039,763,WDG+R+C+T+BP with AStar,instances/empty-16-16/empty-16-16-random-60-agents-11.scen
0.064,762,WDG+R+C+T+BP with AStar,instances/empty-16-16/empty-16-16-random-60-agents-12.scen
0.034,795,WDG+R+C+T+BP with AStar,instances/empty-16-16/empty-16-16-random-60-agents-13.scen
0.032,686,WDG+R+C+T+BP with AStar,instances/empty-16-16/empty-16-16-random-60-agents-14.scen
0.072,814,WDG+R+C+T+BP with AStar,instances/empty-16-16/empty-16-16-random-60-agents-15.scen
0.024,698,WDG+R+C+T+BP with AStar,instances/empty-16-16/empty-16-16-random-60-agents-16.scen
0.033,775,WDG+R+C+T+BP with AStar,instances/empty-16-16/empty-16-16-random-60-agents-17.scen
0.263,694,WDG+R+C+T+BP with AStar,instances/empty-16-16/empty-16-16-random-60-agents-18.scen
0.032,757,WDG+R+C+T+BP with AStar,instances/empty-16-16/empty-16-16-random-60-agents-19.scen
0.104,758,WDG+R+C+T+BP with AStar,instances/empty-16-16/empty-16-16-random-60-agents-20.scen
0.022,739,WDG+R+C+T+BP with AStar,instances/empty-16-16/empty-16-16-random-60-agents-21.scen
0.029,736,WDG+R+C+T+BP with AStar,instances/empty-16-16/empty-16-16-random-60-agents-22.scen
0.028,703,WDG+R+C+T+BP with AStar,instances/empty-16-16/empty-16-16-random-60-agents-23.scen
0.057,775,WDG+R+C+T+BP with AStar,instances/empty-16-16/empty-16-16-random-60-agents-24.scen
0.062,767,WDG+R+C+T+BP with AStar,instances/empty-16-16/empty-16-16-random-60-agents-25.scen
0.032,729,WDG+R+C+T+BP with AStar,instances/empty-16-16/empty-16-16-random-60-agents-26.scen
0.03,759,WDG+R+C+T+BP with AStar,instances/empty-16-16/empty-16-16-random-60-agents-27.scen
0.048,740,WDG+R+C+T+BP with AStar,instances/empty-16-16/empty-16-16-random-60-agents-28.scen
0.035,694,WDG+R+C+T+BP with AStar,instances/empty-16-16/empty-16-16-random-60-agents-29.scen
0.018,720,WDG+R+C+T+BP with AStar,instances/empty-16-16/empty-16-16-random-60-agents-30.scen
0.02,730,WDG+R+C+T+BP with AStar,instances/empty-16-16/empty-16-16-random-60-agents-31.scen
0.039,693,WDG+R+C+T+BP with AStar,instances/empty-16-16/empty-16-16-random-60-agents-32.scen
0.029,761,WDG+R+C+T+BP with AStar,instances/empty-16-16/empty-16-16-random-60-agents-33.scen
0.015,693,WDG+R+C+T+BP with AStar,instances/empty-16-16/empty-16-16-random-60-agents-34.scen
0.032,732,WDG+R+C+T+BP with AStar,instances/empty-16-16/empty-16-16-random-60-agents-35.scen
0.047,720,WDG+R+C+T+BP with AStar,instances/empty-16-16/empty-16-16-random-60-agents-36.scen
0.034,703,WDG+R+C+T+BP with AStar,instances/empty-16-16/empty-16-16-random-60-agents-37.scen
0.029,805,WDG+R+C+T+BP with AStar,instances/empty-16-16/empty-16-16-random-60-agents-38.scen
0.143,767,WDG+R+C+T+BP with AStar,instances/empty-16-16/empty-16-16-random-60-agents-39.scen
0.028,807,WDG+R+C+T+BP with AStar,instances/empty-16-16/empty-16-16-random-60-agents-40.scen
0.021,706,WDG+R+C+T+BP with AStar,instances/empty-16-16/empty-16-16-random-60-agents-41.scen
0.068,734,WDG+R+C+T+BP with AStar,instances/empty-16-16/empty-16-16-random-60-agents-42.scen
0.035,767,WDG+R+C+T+BP with AStar,instances/empty-16-16/empty-16-16-random-60-agents-43.scen
0.044,791,WDG+R+C+T+BP with AStar,instances/empty-16-16/empty-16-16-random-60-agents-44.scen
0.032,741,WDG+R+C+T+BP with AStar,instances/empty-16-16/empty-16-16-random-60-agents-45.scen
0.03,713,WDG+R+C+T+BP with AStar,instances/empty-16-16/empty-16-16-random-60-agents-46.scen
0.031,721,WDG+R+C+T+BP with AStar,instances/empty-16-16/empty-16-16-random-60-agents-47.scen
0.02,690,WDG+R+C+T+BP with AStar,instances/empty-16-16/empty-16-16-random-60-agents-48.scen
0.04,715,WDG+R+C+T+BP with AStar,instances/empty-16-16/empty-16-16-random-60-agents-49.scen
0.028,705,WDG+R+C+T+BP with AStar,instances/empty-16-16/empty-16-16-random-60-agents-50.scen
0.026,723,WDG+R+C+T+BP with AStar,instances/empty-16-16/empty-16-16-random-60-agents-51.scen
0.027,753,WDG+R+C+T+BP with AStar,instances/empty-16-16/empty-16-16-random-60-agents-52.scen
0.039,735,WDG+R+C+T+BP with AStar,instances/empty-16-16/empty-16-16-random-60-agents-53.scen
0.027,760,WDG+R+C+T+BP with AStar,instances/empty-16-16/empty-16-16-random-60-agents-54.scen
0.02,717,WDG+R+C+T+BP with AStar,instances/empty-16-16/empty-16-16-random-60-agents-55.scen
0.027,736,WDG+R+C+T+BP with AStar,instances/empty-16-16/empty-16-16-random-60-agents-56.scen
0.02,667,WDG+R+C+T+BP with AStar,instances/empty-16-16/empty-16-16-random-60-agents-57.scen
0.023,719,WDG+R+C+T+BP with AStar,instances/empty-16-16/empty-16-16-random-60-agents-58.scen
0.02,718,WDG+R+C+T+BP with AStar,instances/empty-16-16/empty-16-16-random-60-agents-59.scen
0.041,765,WDG+R+C+T+BP with AStar,instances/empty-16-16/empty-16-16-random-60-agents-60.scen
0.019,754,WDG+R+C+T+BP with AStar,instances/empty-16-16/empty-16-16-random-60-agents-61.scen
0.024,758,WDG+R+C+T+BP with AStar,instances/empty-16-16/empty-16-16-random-60-agents-62.scen
0.073,737,WDG+R+C+T+BP with AStar,instances/empty-16-16/empty-16-16-random-60-agents-63.scen
1.078,728,WDG+R+C+T+BP with AStar,instances/empty-16-16/empty-16-16-random-60-agents-64.scen
0.04,784,WDG+R+C+T+BP with AStar,instances/empty-16-16/empty-16-16-random-60-agents-65.scen
0.032,734,WDG+R+C+T+BP with AStar,instances/empty-16-16/empty-16-16-random-60-agents-66.scen
0.024,768,WDG+R+C+T+BP with AStar,instances/empty-16-16/empty-16-16-random-60-agents-67.scen
0.075,776,WDG+R+C+T+BP with AStar,instances/empty-16-16/empty-16-16-random-60-agents-68.scen
0.078,771,WDG+R+C+T+BP with AStar,instances/empty-16-16/empty-16-16-random-60-agents-69.scen
0.028,794,WDG+R+C+T+BP with AStar,instances/empty-16-16/empty-16-16-random-60-agents-70.scen
0.02,676,WDG+R+C+T+BP with AStar,instances/empty-16-16/empty-16-16-random-60-agents-71.scen
0.068,738,WDG+R+C+T+BP with AStar,instances/empty-16-16/empty-16-16-random-60-agents-72.scen
0.034,767,WDG+R+C+T+BP with AStar,instances/empty-16-16/empty-16-16-random-60-agents-73.scen
0.396,764,WDG+R+C+T+BP with AStar,instances/empty-16-16/empty-16-16-random-60-agents-74.scen
0.039,733,WDG+R+C+T+BP with AStar,instances/empty-16-16/empty-16-16-random-60-agents-75.scen
0.019,716,WDG+R+C+T+BP with AStar,instances/empty-16-16/empty-16-16-random-60-agents-76.scen
0.025,700,WDG+R+C+T+BP with AStar,instances/empty-16-16/empty-16-16-random-60-agents-77.scen
0.034,703,WDG+R+C+T+BP with AStar,instances/empty-16-16/empty-16-16-random-60-agents-78.scen
0.025,756,WDG+R+C+T+BP with AStar,instances/empty-16-16/empty-16-16-random-60-agents-79.scen
0.027,833,WDG+R+C+T+BP with AStar,instances/empty-16-16/empty-16-16-random-60-agents-80.scen
0.032,756,WDG+R+C+T+BP with AStar,instances/empty-16-16/empty-16-16-random-60-agents-81.scen
0.02,710,WDG+R+C+T+BP with AStar,instances/empty-16-16/empty-16-16-random-60-agents-82.scen
0.026,814,WDG+R+C+T+BP with AStar,instances/empty-16-16/empty-16-16-random-60-agents-83.scen
0.02,674,WDG+R+C+T+BP with AStar,instances/empty-16-16/empty-16-16-random-60-agents-84.scen
0.041,807,WDG+R+C+T+BP with AStar,instances/empty-16-16/empty-16-16-random-60-agents-85.scen
0.037,760,WDG+R+C+T+BP with AStar,instances/empty-16-16/empty-16-16-random-60-agents-86.scen
0.043,740,WDG+R+C+T+BP with AStar,instances/empty-16-16/empty-16-16-random-60-agents-87.scen
0.04,730,WDG+R+C+T+BP with AStar,instances/empty-16-16/empty-16-16-random-60-agents-88.scen
0.019,695,WDG+R+C+T+BP with AStar,instances/empty-16-16/empty-16-16-random-60-agents-89.scen
0.064,771,WDG+R+C+T+BP with AStar,instances/empty-16-16/empty-16-16-random-60-agents-90.scen
0.016,703,WDG+R+C+T+BP with AStar,instances/empty-16-16/empty-16-16-random-60-agents-91.scen
0.045,775,WDG+R+C+T+BP with AStar,instances/empty-16-16/empty-16-16-random-60-agents-92.scen
0.021,701,WDG+R+C+T+BP with AStar,instances/empty-16-16/empty-16-16-random-60-agents-93.scen
0.035,815,WDG+R+C+T+BP with AStar,instances/empty-16-16/empty-16-16-random-60-agents-94.scen
0.118,752,WDG+R+C+T+BP with AStar,instances/empty-16-16/empty-16-16-random-60-agents-95.scen
0.037,686,WDG+R+C+T+BP with AStar,instances/empty-16-16/empty-16-16-random-60-agents-96.scen
0.039,768,WDG+R+C+T+BP with AStar,instances/empty-16-16/empty-16-16-random-60-agents-97.scen
0.033,747,WDG+R+C+T+BP with AStar,instances/empty-16-16/empty-16-16-random-60-agents-98.scen
0.028,773,WDG+R+C+T+BP with AStar,instances/empty-16-16/empty-16-16-random-60-agents-99.scen
0.047,755,WDG+R+C+T+BP with AStar,instances/empty-16-16/empty-16-16-random-60-agents-100.scen
0.23,960,WDG+R+C+T+BP with AStar,instances/empty-16-16/empty-16-16-random-80-agents-1.scen
0.583,993,WDG+R+C+T+BP with AStar,instances/empty-16-16/empty-16-16-random-80-agents-2.scen
0.252,1030,WDG+R+C+T+BP with AStar,instances/empty-16-16/empty-16-16-random-80-agents-3.scen
0.413,1038,WDG+R+C+T+BP with AStar,instances/empty-16-16/empty-16-16-random-80-agents-4.scen
0.454,1038,WDG+R+C+T+BP with AStar,instances/empty-16-16/empty-16-16-random-80-agents-5.scen
0.395,1074,WDG+R+C+T+BP with AStar,instances/empty-16-16/empty-16-16-random-80-agents-6.scen
0.39,935,WDG+R+C+T+BP with AStar,instances/empty-16-16/empty-16-16-random-80-agents-7.scen
0.845,991,WDG+R+C+T+BP with AStar,instances/empty-16-16/empty-16-16-random-80-agents-8.scen
0.978,960,WDG+R+C+T+BP with AStar,instances/empty-16-16/empty-16-16-random-80-agents-9.scen
0.33,1004,WDG+R+C+T+BP with AStar,instances/empty-16-16/empty-16-16-random-80-agents-10.scen
1.679,1001,WDG+R+C+T+BP with AStar,instances/empty-16-16/empty-16-16-random-80-agents-11.scen
1.666,1029,WDG+R+C+T+BP with AStar,instances/empty-16-16/empty-16-16-random-80-agents-12.scen
5.312,1052,WDG+R+C+T+BP with AStar,instances/empty-16-16/empty-16-16-random-80-agents-13.scen
0.195,932,WDG+R+C+T+BP with AStar,instances/empty-16-16/empty-16-16-random-80-agents-14.scen
17.275,1069,WDG+R+C+T+BP with AStar,instances/empty-16-16/empty-16-16-random-80-agents-15.scen
0.053,986,WDG+R+C+T+BP with AStar,instances/empty-16-16/empty-16-16-random-80-agents-16.scen
1.213,1037,WDG+R+C+T+BP with AStar,instances/empty-16-16/empty-16-16-random-80-agents-17.scen
1.806,964,WDG+R+C+T+BP with AStar,instances/empty-16-16/empty-16-16-random-80-agents-18.scen
0.134,1076,WDG+R+C+T+BP with AStar,instances/empty-16-16/empty-16-16-random-80-agents-19.scen
4.662,1029,WDG+R+C+T+BP with AStar,instances/empty-16-16/empty-16-16-random-80-agents-20.scen
3.051,982,WDG+R+C+T+BP with AStar,instances/empty-16-16/empty-16-16-random-80-agents-21.scen
0.748,937,WDG+R+C+T+BP with AStar,instances/empty-16-16/empty-16-16-random-80-agents-22.scen
1.395,990,WDG+R+C+T+BP with AStar,instances/empty-16-16/empty-16-16-random-80-agents-23.scen
4.352,1022,WDG+R+C+T+BP with AStar,instances/empty-16-16/empty-16-16-random-80-agents-24.scen
0.123,1021,WDG+R+C+T+BP with AStar,instances/empty-16-16/empty-16-16-random-80-agents-25.scen
0.059,958,WDG+R+C+T+BP with AStar,instances/empty-16-16/empty-16-16-random-80-agents-26.scen
0.187,995,WDG+R+C+T+BP with AStar,instances/empty-16-16/empty-16-16-random-80-agents-27.scen
4.317,1026,WDG+R+C+T+BP with AStar,instances/empty-16-16/empty-16-16-random-80-agents-28.scen
0.05,1002,WDG+R+C+T+BP with AStar,instances/empty-16-16/empty-16-16-random-80-agents-29.scen
2.486,1006,WDG+R+C+T+BP with AStar,instances/empty-16-16/empty-16-16-random-80-agents-30.scen
0.462,965,WDG+R+C+T+BP with AStar,instances/empty-16-16/empty-16-16-random-80-agents-31.scen
5.264,943,WDG+R+C+T+BP with AStar,instances/empty-16-16/empty-16-16-random-80-agents-32.scen
0.205,1011,WDG+R+C+T+BP with AStar,instances/empty-16-16/empty-16-16-random-80-agents-33.scen
0.036,980,WDG+R+C+T+BP with AStar,instances/empty-16-16/empty-16-16-random-80-agents-34.scen
5.931,979,WDG+R+C+T+BP with AStar,instances/empty-16-16/empty-16-16-random-80-agents-35.scen
26.779,979,WDG+R+C+T+BP with AStar,instances/empty-16-16/empty-16-16-random-80-agents-36.scen
0.091,977,WDG+R+C+T+BP with AStar,instances/empty-16-16/empty-16-16-random-80-agents-37.scen
1.525,1064,WDG+R+C+T+BP with AStar,instances/empty-16-16/empty-16-16-random-80-agents-38.scen
10.525,985,WDG+R+C+T+BP with AStar,instances/empty-16-16/empty-16-16-random-80-agents-39.scen
0.282,1080,WDG+R+C+T+BP with AStar,instances/empty-16-16/empty-16-16-random-80-agents-40.scen
0.319,1006,WDG+R+C+T+BP with AStar,instances/empty-16-16/empty-16-16-random-80-agents-41.scen
0.984,1022,WDG+R+C+T+BP with AStar,instances/empty-16-16/empty-16-16-random-80-agents-42.scen
0.421,999,WDG+R+C+T+BP with AStar,instances/empty-16-16/empty-16-16-random-80-agents-43.scen
1.465,1046,WDG+R+C+T+BP with AStar,instances/empty-16-16/empty-16-16-random-80-agents-44.scen
3.459,1016,WDG+R+C+T+BP with AStar,instances/empty-16-16/empty-16-16-random-80-agents-45.scen
0.096,965,WDG+R+C+T+BP with AStar,instances/empty-16-16/empty-16-16-random-80-agents-46.scen
2.191,990,WDG+R+C+T+BP with AStar,instances/empty-16-16/empty-16-16-random-80-agents-47.scen
0.218,978,WDG+R+C+T+BP with AStar,instances/empty-16-16/empty-16-16-random-80-agents-48.scen
2.902,1001,WDG+R+C+T+BP with AStar,instances/empty-16-16/empty-16-16-random-80-agents-50.scen
0.261,994,WDG+R+C+T+BP with AStar,instances/empty-16-16/empty-16-16-random-80-agents-51.scen
0.351,973,WDG+R+C+T+BP with AStar,instances/empty-16-16/empty-16-16-random-80-agents-52.scen
3.111,1037,WDG+R+C+T+BP with AStar,instances/empty-16-16/empty-16-16-random-80-agents-53.scen
3.439,1010,WDG+R+C+T+BP with AStar,instances/empty-16-16/empty-16-16-random-80-agents-54.scen
1.156,1009,WDG+R+C+T+BP with AStar,instances/empty-16-16/empty-16-16-random-80-agents-55.scen
1.522,1007,WDG+R+C+T+BP with AStar,instances/empty-16-16/empty-16-16-random-80-agents-56.scen
0.051,958,WDG+R+C+T+BP with AStar,instances/empty-16-16/empty-16-16-random-80-agents-57.scen
1.015,1005,WDG+R+C+T+BP with AStar,instances/empty-16-16/empty-16-16-random-80-agents-58.scen
0.205,988,WDG+R+C+T+BP with AStar,instances/empty-16-16/empty-16-16-random-80-agents-59.scen
0.074,1041,WDG+R+C+T+BP with AStar,instances/empty-16-16/empty-16-16-random-80-agents-60.scen
0.311,1004,WDG+R+C+T+BP with AStar,instances/empty-16-16/empty-16-16-random-80-agents-61.scen
2.039,1041,WDG+R+C+T+BP with AStar,instances/empty-16-16/empty-16-16-random-80-agents-62.scen
5.23,1056,WDG+R+C+T+BP with AStar,instances/empty-16-16/empty-16-16-random-80-agents-63.scen
41.619,992,WDG+R+C+T+BP with AStar,instances/empty-16-16/empty-16-16-random-80-agents-64.scen
3.362,1006,WDG+R+C+T+BP with AStar,instances/empty-16-16/empty-16-16-random-80-agents-65.scen
0.382,1003,WDG+R+C+T+BP with AStar,instances/empty-16-16/empty-16-16-random-80-agents-66.scen
0.193,1060,WDG+R+C+T+BP with AStar,instances/empty-16-16/empty-16-16-random-80-agents-67.scen
1.742,962,WDG+R+C+T+BP with AStar,instances/empty-16-16/empty-16-16-random-80-agents-68.scen
4.691,1114,WDG+R+C+T+BP with AStar,instances/empty-16-16/empty-16-16-random-80-agents-69.scen
6.535,1039,WDG+R+C+T+BP with AStar,instances/empty-16-16/empty-16-16-random-80-agents-70.scen
0.725,960,WDG+R+C+T+BP with AStar,instances/empty-16-16/empty-16-16-random-80-agents-71.scen
5.055,1006,WDG+R+C+T+BP with AStar,instances/empty-16-16/empty-16-16-random-80-agents-73.scen
60.001,-1,WDG+R+C+T+BP with AStar,instances/empty-16-16/empty-16-16-random-80-agents-74.scen
0.421,1005,WDG+R+C+T+BP with AStar,instances/empty-16-16/empty-16-16-random-80-agents-75.scen
0.365,955,WDG+R+C+T+BP with AStar,instances/empty-16-16/empty-16-16-random-80-agents-76.scen
0.449,988,WDG+R+C+T+BP with AStar,instances/empty-16-16/empty-16-16-random-80-agents-77.scen
2.948,937,WDG+R+C+T+BP with AStar,instances/empty-16-16/empty-16-16-random-80-agents-78.scen
0.202,1010,WDG+R+C+T+BP with AStar,instances/empty-16-16/empty-16-16-random-80-agents-79.scen
0.577,1062,WDG+R+C+T+BP with AStar,instances/empty-16-16/empty-16-16-random-80-agents-80.scen
6.05,976,WDG+R+C+T+BP with AStar,instances/empty-16-16/empty-16-16-random-80-agents-81.scen
0.723,944,WDG+R+C+T+BP with AStar,instances/empty-16-16/empty-16-16-random-80-agents-82.scen
0.394,1053,WDG+R+C+T+BP with AStar,instances/empty-16-16/empty-16-16-random-80-agents-83.scen
0.094,961,WDG+R+C+T+BP with AStar,instances/empty-16-16/empty-16-16-random-80-agents-84.scen
0.439,1070,WDG+R+C+T+BP with AStar,instances/empty-16-16/empty-16-16-random-80-agents-85.scen
1.371,1025,WDG+R+C+T+BP with AStar,instances/empty-16-16/empty-16-16-random-80-agents-86.scen
0.53,963,WDG+R+C+T+BP with AStar,instances/empty-16-16/empty-16-16-random-80-agents-87.scen
1.892,1008,WDG+R+C+T+BP with AStar,instances/empty-16-16/empty-16-16-random-80-agents-88.scen
0.832,1019,WDG+R+C+T+BP with AStar,instances/empty-16-16/empty-16-16-random-80-agents-89.scen
4.316,1048,WDG+R+C+T+BP with AStar,instances/empty-16-16/empty-16-16-random-80-agents-90.scen
2.312,1017,WDG+R+C+T+BP with AStar,instances/empty-16-16/empty-16-16-random-80-agents-91.scen
0.122,1073,WDG+R+C+T+BP with AStar,instances/empty-16-16/empty-16-16-random-80-agents-92.scen
0.085,977,WDG+R+C+T+BP with AStar,instances/empty-16-16/empty-16-16-random-80-agents-93.scen
0.376,1009,WDG+R+C+T+BP with AStar,instances/empty-16-16/empty-16-16-random-80-agents-95.scen
0.156,993,WDG+R+C+T+BP with AStar,instances/empty-16-16/empty-16-16-random-80-agents-96.scen
6.064,1023,WDG+R+C+T+BP with AStar,instances/empty-16-16/empty-16-16-random-80-agents-97.scen
1.544,981,WDG+R+C+T+BP with AStar,instances/empty-16-16/empty-16-16-random-80-agents-98.scen
0.961,1027,WDG+R+C+T+BP with AStar,instances/empty-16-16/empty-16-16-random-80-agents-99.scen
